createdAt,side,liquidity,type,market,price,size,fee
"2023-07-28T15:38:39.266Z","SELL","TAKER","MARKET","MATIC-USD","0.7145","11749","3.18997"
"2023-07-28T15:38:39.266Z","SELL","TAKER","MARKET","MATIC-USD","0.7145","27849","7.561281"
"2023-07-28T15:38:39.266Z","SELL","TAKER","MARKET","MATIC-USD","0.7145","2200","0.597322"
"2023-07-28T15:38:39.266Z","SELL","TAKER","MARKET","MATIC-USD","0.7146","21676","5.886074"
"2023-07-28T15:38:39.266Z","SELL","TAKER","MARKET","MATIC-USD","0.7146","41701","11.323823"
"2023-07-28T15:38:39.266Z","SELL","TAKER","MARKET","MATIC-USD","0.7146","15000","4.07322"
"2023-07-28T15:38:39.266Z","SELL","TAKER","MARKET","MATIC-USD","0.7146","2418","0.656603"
"2023-07-28T15:38:39.266Z","SELL","TAKER","MARKET","MATIC-USD","0.7146","13924","3.781034"
"2023-07-28T15:38:39.266Z","SELL","TAKER","MARKET","MATIC-USD","0.7146","1538","0.41764"
"2023-07-28T15:38:39.266Z","SELL","TAKER","MARKET","MATIC-USD","0.7146","6990","1.89812"
"2023-07-28T15:38:39.266Z","SELL","TAKER","MARKET","MATIC-USD","0.7146","2200","0.597405"
"2023-07-28T15:38:39.266Z","SELL","TAKER","MARKET","MATIC-USD","0.7147","2200","0.597489"
"2023-07-28T15:38:39.266Z","SELL","TAKER","MARKET","MATIC-USD","0.7147","139","0.03775"
"2023-07-28T15:38:39.266Z","SELL","TAKER","MARKET","MATIC-USD","0.7147","279","0.075772"
"2023-07-28T15:38:39.266Z","SELL","TAKER","MARKET","MATIC-USD","0.7148","1390","0.377557"
"2023-07-28T15:38:39.266Z","SELL","TAKER","MARKET","MATIC-USD","0.7148","2796","0.75946"
"2023-07-28T15:38:39.266Z","SELL","TAKER","MARKET","MATIC-USD","0.7149","9962","2.706296"
"2023-07-28T15:38:39.266Z","SELL","TAKER","MARKET","MATIC-USD","0.7149","4676","1.270291"
"2023-07-28T15:38:39.266Z","SELL","TAKER","MARKET","MATIC-USD","0.715","21676","5.889369"
"2023-07-28T15:38:39.266Z","SELL","TAKER","MARKET","MATIC-USD","0.715","9560","2.597452"
"2023-07-28T15:38:39.266Z","SELL","TAKER","MARKET","MATIC-USD","0.7151","77","0.020923"
"2023-07-28T12:57:17.991Z","BUY","TAKER","MARKET","SOL-USD","24.776","27.6","0.25985"
"2023-07-28T12:57:17.991Z","BUY","TAKER","MARKET","SOL-USD","24.775","114.3","1.076077"
"2023-07-28T12:57:17.991Z","BUY","TAKER","MARKET","SOL-USD","24.775","65","0.611942"
"2023-07-28T12:57:17.991Z","BUY","TAKER","MARKET","SOL-USD","24.774","122","1.148522"
"2023-07-28T12:57:17.991Z","BUY","TAKER","MARKET","SOL-USD","24.774","202.3","1.904476"
"2023-07-28T12:57:17.991Z","BUY","TAKER","MARKET","SOL-USD","24.772","100","0.941336"
"2023-07-28T12:57:17.991Z","BUY","TAKER","MARKET","SOL-USD","24.771","72.1","0.678675"
"2023-07-28T12:57:17.991Z","BUY","TAKER","MARKET","SOL-USD","24.771","40","0.376519"
"2023-07-28T12:57:17.991Z","BUY","TAKER","MARKET","SOL-USD","24.771","403.2","3.795313"
"2023-07-28T12:57:17.991Z","BUY","TAKER","MARKET","SOL-USD","24.771","564.9","5.317392"
"2023-07-28T12:57:17.991Z","BUY","TAKER","MARKET","SOL-USD","24.77","60","0.564756"
"2023-07-28T12:57:17.991Z","BUY","TAKER","MARKET","SOL-USD","24.77","228.6","2.15172"
"2023-07-28T01:10:43.464Z","SELL","TAKER","MARKET","MATIC-USD","0.7187","8926","2.437744"
"2023-07-28T01:10:43.464Z","SELL","TAKER","MARKET","MATIC-USD","0.7187","2200","0.600833"
"2023-07-28T01:10:43.464Z","SELL","TAKER","MARKET","MATIC-USD","0.7188","1505","0.411081"
"2023-07-28T01:10:43.464Z","SELL","TAKER","MARKET","MATIC-USD","0.7188","1510","0.412447"
"2023-07-28T01:10:43.464Z","SELL","TAKER","MARKET","MATIC-USD","0.7188","7336","2.003784"
"2023-07-28T01:10:43.464Z","SELL","TAKER","MARKET","MATIC-USD","0.7188","98","0.026768"
"2023-07-28T01:10:43.464Z","SELL","TAKER","MARKET","MATIC-USD","0.7188","6950","1.89835"
"2023-07-28T01:10:43.464Z","SELL","TAKER","MARKET","MATIC-USD","0.7188","2200","0.600916"
"2023-07-28T01:10:43.464Z","SELL","TAKER","MARKET","MATIC-USD","0.7189","15000","4.09773"
"2023-07-28T01:10:43.464Z","SELL","TAKER","MARKET","MATIC-USD","0.7189","2200","0.601"
"2023-07-28T01:10:43.464Z","SELL","TAKER","MARKET","MATIC-USD","0.7189","2780","0.759445"
"2023-07-28T01:10:43.464Z","SELL","TAKER","MARKET","MATIC-USD","0.719","1390","0.379775"
"2023-07-28T01:10:43.464Z","SELL","TAKER","MARKET","MATIC-USD","0.719","18579","5.076154"
"2023-07-28T01:10:43.464Z","SELL","TAKER","MARKET","MATIC-USD","0.719","10118","2.764439"
"2023-07-28T01:10:43.464Z","SELL","TAKER","MARKET","MATIC-USD","0.719","4639","1.267467"
"2023-07-28T01:10:43.464Z","SELL","TAKER","MARKET","MATIC-USD","0.7191","3446","0.941647"
"2023-07-28T01:10:43.464Z","SELL","TAKER","MARKET","MATIC-USD","0.7191","2200","0.601167"
"2023-07-28T01:10:43.464Z","SELL","TAKER","MARKET","MATIC-USD","0.7191","8923","2.438281"
"2023-07-28T01:01:11.879Z","SELL","TAKER","MARKET","SOL-USD","25.289","316","3.036703"
"2023-07-28T01:01:11.879Z","SELL","TAKER","MARKET","SOL-USD","25.29","41","0.394018"
"2023-07-28T01:01:11.879Z","SELL","TAKER","MARKET","SOL-USD","25.29","12.7","0.122049"
"2023-07-28T01:01:11.879Z","SELL","TAKER","MARKET","SOL-USD","25.291","98","0.941836"
"2023-07-28T01:01:11.879Z","SELL","TAKER","MARKET","SOL-USD","25.293","98","0.941911"
"2023-07-28T01:01:11.879Z","SELL","TAKER","MARKET","SOL-USD","25.295","403.2","3.875598"
"2023-07-28T01:01:11.879Z","SELL","TAKER","MARKET","SOL-USD","25.295","106.3","1.021766"
"2023-07-28T01:01:11.879Z","SELL","TAKER","MARKET","SOL-USD","25.296","65","0.624811"
"2023-07-28T01:01:11.879Z","SELL","TAKER","MARKET","SOL-USD","25.296","224.8","2.160885"
"2023-07-28T01:01:11.879Z","SELL","TAKER","MARKET","SOL-USD","25.296","155.6","1.495701"
"2023-07-28T01:01:11.879Z","SELL","TAKER","MARKET","SOL-USD","25.297","479.4","4.608405"
"2023-07-27T21:03:15.711Z","SELL","TAKER","MARKET","MATIC-USD","0.715","649","0.176333"
"2023-07-27T21:03:15.711Z","SELL","TAKER","MARKET","MATIC-USD","0.715","2200","0.59774"
"2023-07-27T21:03:15.711Z","SELL","TAKER","MARKET","MATIC-USD","0.7151","10114","2.748358"
"2023-07-27T21:03:15.711Z","SELL","TAKER","MARKET","MATIC-USD","0.7151","1390","0.377715"
"2023-07-27T21:03:15.711Z","SELL","TAKER","MARKET","MATIC-USD","0.7151","41973","11.405659"
"2023-07-27T21:03:15.711Z","SELL","TAKER","MARKET","MATIC-USD","0.7151","9592","2.60651"
"2023-07-27T21:03:15.711Z","SELL","TAKER","MARKET","MATIC-USD","0.7151","2200","0.597823"
"2023-07-27T21:03:15.711Z","SELL","TAKER","MARKET","MATIC-USD","0.7151","18579","5.04862"
"2023-07-27T21:03:15.711Z","SELL","TAKER","MARKET","MATIC-USD","0.7151","4606","1.251625"
"2023-07-27T21:03:15.711Z","SELL","TAKER","MARKET","MATIC-USD","0.7152","4500","1.222992"
"2023-07-27T21:03:15.711Z","SELL","TAKER","MARKET","MATIC-USD","0.7152","4197","1.140643"
"2023-07-27T19:55:20.401Z","BUY","TAKER","MARKET","SOL-USD","24.923","2696.3","25.535956"
"2023-07-27T19:55:20.401Z","BUY","TAKER","MARKET","SOL-USD","24.923","201","1.903618"
"2023-07-27T19:55:20.401Z","BUY","TAKER","MARKET","SOL-USD","24.923","112.6","1.066405"
"2023-07-27T19:55:20.401Z","BUY","TAKER","MARKET","SOL-USD","24.922","200.9","1.902595"
"2023-07-27T19:55:20.401Z","BUY","TAKER","MARKET","SOL-USD","24.919","484.2","4.584996"
"2023-07-27T19:55:20.401Z","BUY","TAKER","MARKET","SOL-USD","24.919","70","0.662845"
"2023-07-27T19:55:20.401Z","BUY","TAKER","MARKET","SOL-USD","24.919","100","0.946922"
"2023-07-27T19:55:20.401Z","BUY","TAKER","MARKET","SOL-USD","24.918","70","0.662818"
"2023-07-27T19:55:20.401Z","BUY","TAKER","MARKET","SOL-USD","24.916","403.2","3.817529"
"2023-07-27T19:55:20.401Z","BUY","TAKER","MARKET","SOL-USD","24.916","100","0.946808"
"2023-07-27T19:55:20.401Z","BUY","TAKER","MARKET","SOL-USD","24.916","100","0.946808"
"2023-07-27T19:55:20.401Z","BUY","TAKER","MARKET","SOL-USD","24.916","221.7","2.099073"
"2023-07-27T19:55:20.401Z","BUY","TAKER","MARKET","SOL-USD","24.916","240.1","2.273286"
"2023-07-27T15:21:22.104Z","SELL","TAKER","MARKET","SOL-USD","25.278","483.1","4.640484"
"2023-07-27T15:21:22.104Z","SELL","TAKER","MARKET","SOL-USD","25.278","108.1","1.038369"
"2023-07-27T15:21:22.104Z","SELL","TAKER","MARKET","SOL-USD","25.279","233.7","2.244926"
"2023-07-27T15:21:22.104Z","SELL","TAKER","MARKET","SOL-USD","25.279","395.4","3.79822"
"2023-07-27T15:21:22.104Z","SELL","TAKER","MARKET","SOL-USD","25.28","195.9","1.881893"
"2023-07-27T15:21:22.104Z","SELL","TAKER","MARKET","SOL-USD","25.28","11.8","0.113355"
"2023-07-27T15:21:22.104Z","SELL","TAKER","MARKET","SOL-USD","25.28","11.9","0.114316"
"2023-07-27T15:21:22.104Z","SELL","TAKER","MARKET","SOL-USD","25.281","98","0.941464"
"2023-07-27T15:21:22.104Z","SELL","TAKER","MARKET","SOL-USD","25.281","403.2","3.873453"
"2023-07-27T15:21:22.104Z","SELL","TAKER","MARKET","SOL-USD","25.281","98","0.941464"
"2023-07-27T15:21:22.104Z","SELL","TAKER","MARKET","SOL-USD","25.283","213.8","2.054092"
"2023-07-27T15:21:22.104Z","SELL","TAKER","MARKET","SOL-USD","25.284","59","0.566867"
"2023-07-27T15:21:22.104Z","SELL","TAKER","MARKET","SOL-USD","25.285","39.4","0.378567"
"2023-07-27T15:21:22.104Z","SELL","TAKER","MARKET","SOL-USD","25.285","484.2","4.652338"
"2023-07-27T15:21:22.104Z","SELL","TAKER","MARKET","SOL-USD","25.285","164.5","1.580565"
"2023-07-27T04:35:25.802Z","SELL","TAKER","MARKET","SOL-USD","25.135","1187","11.337393"
"2023-07-27T04:35:25.802Z","SELL","TAKER","MARKET","SOL-USD","25.136","111.4","1.064057"
"2023-07-27T04:35:25.802Z","SELL","TAKER","MARKET","SOL-USD","25.137","2","0.019104"
"2023-07-27T04:35:25.802Z","SELL","TAKER","MARKET","SOL-USD","25.14","99","0.945766"
"2023-07-27T04:35:25.802Z","SELL","TAKER","MARKET","SOL-USD","25.14","70","0.668724"
"2023-07-27T04:35:25.802Z","SELL","TAKER","MARKET","SOL-USD","25.141","59","0.563661"
"2023-07-27T04:35:25.802Z","SELL","TAKER","MARKET","SOL-USD","25.141","70","0.66875"
"2023-07-27T04:35:25.802Z","SELL","TAKER","MARKET","SOL-USD","25.142","19.9","0.190123"
"2023-07-27T04:35:25.802Z","SELL","TAKER","MARKET","SOL-USD","25.146","139.7","1.3349"
"2023-07-27T04:35:25.802Z","SELL","TAKER","MARKET","SOL-USD","25.149","242","2.312702"
"2023-07-27T02:30:54.418Z","BUY","TAKER","MARKET","SOL-USD","24.762","1599.8","15.053414"
"2023-07-27T02:30:54.418Z","BUY","TAKER","MARKET","SOL-USD","24.76","120","1.129056"
"2023-07-27T02:30:54.418Z","BUY","TAKER","MARKET","SOL-USD","24.759","74.6","0.701868"
"2023-07-27T02:30:54.418Z","BUY","TAKER","MARKET","SOL-USD","24.758","445","4.186577"
"2023-07-27T02:30:54.418Z","BUY","TAKER","MARKET","SOL-USD","24.755","44.5","0.418607"
"2023-07-27T02:30:54.418Z","BUY","TAKER","MARKET","SOL-USD","24.751","9.7","0.091232"
"2023-07-27T02:30:54.418Z","BUY","TAKER","MARKET","SOL-USD","24.751","750.6","7.059678"
"2023-07-27T02:30:54.418Z","BUY","TAKER","MARKET","SOL-USD","24.75","404","3.79962"
"2023-07-27T02:30:54.418Z","BUY","TAKER","MARKET","SOL-USD","24.748","44.1","0.414726"
"2023-07-27T02:30:54.418Z","BUY","TAKER","MARKET","SOL-USD","24.748","116.8","1.098415"
"2023-07-27T02:30:54.418Z","BUY","TAKER","MARKET","SOL-USD","24.747","2","0.018807"
"2023-07-27T02:30:54.418Z","BUY","TAKER","MARKET","SOL-USD","24.746","40","0.376139"
"2023-07-27T02:30:54.418Z","BUY","TAKER","MARKET","SOL-USD","24.745","44.5","0.418437"
"2023-07-27T02:30:54.418Z","BUY","TAKER","MARKET","SOL-USD","24.744","202.4","1.90311"
"2023-07-27T02:30:54.418Z","BUY","TAKER","MARKET","SOL-USD","24.742","200.4","1.884152"
"2023-07-27T02:30:54.418Z","BUY","TAKER","MARKET","SOL-USD","24.742","202.3","1.902016"
"2023-07-27T02:30:54.418Z","BUY","TAKER","MARKET","SOL-USD","24.739","204.7","1.924347"
"2023-07-27T02:30:54.418Z","BUY","TAKER","MARKET","SOL-USD","24.738","101","0.949444"
"2023-07-27T02:30:54.418Z","BUY","TAKER","MARKET","SOL-USD","24.738","40.4","0.379777"
"2023-07-27T02:30:54.418Z","BUY","TAKER","MARKET","SOL-USD","24.738","101","0.949444"
"2023-07-27T02:30:54.418Z","BUY","TAKER","MARKET","SOL-USD","24.738","11.8","0.110925"
"2023-07-27T02:30:54.418Z","BUY","TAKER","MARKET","SOL-USD","24.737","40.4","0.379762"
"2023-07-27T02:30:54.418Z","BUY","TAKER","MARKET","SOL-USD","24.737","70","0.658004"
"2023-07-27T02:30:54.418Z","BUY","TAKER","MARKET","SOL-USD","24.736","70","0.657977"
"2023-07-27T02:30:54.418Z","BUY","TAKER","MARKET","SOL-USD","24.736","60","0.56398"
"2023-07-26T23:40:42.192Z","BUY","TAKER","MARKET","AVAX-USD","13.25","389.2","1.959622"
"2023-07-26T23:40:42.192Z","BUY","TAKER","MARKET","AVAX-USD","13.25","1068.3","5.37889"
"2023-07-26T23:40:42.192Z","BUY","TAKER","MARKET","AVAX-USD","13.24","151.1","0.760214"
"2023-07-26T23:40:42.192Z","BUY","TAKER","MARKET","AVAX-USD","13.24","377","1.896762"
"2023-07-26T23:40:42.192Z","BUY","TAKER","MARKET","AVAX-USD","13.24","70.4","0.354196"
"2023-07-26T23:40:42.192Z","BUY","TAKER","MARKET","AVAX-USD","13.24","52.3","0.263131"
"2023-07-26T23:40:42.192Z","BUY","TAKER","MARKET","AVAX-USD","13.24","67","0.33709"
"2023-07-26T23:40:42.192Z","BUY","TAKER","MARKET","AVAX-USD","13.24","83.1","0.418092"
"2023-07-26T23:40:42.192Z","BUY","TAKER","MARKET","AVAX-USD","13.24","755.5","3.801071"
"2023-07-26T23:40:42.192Z","BUY","TAKER","MARKET","AVAX-USD","13.24","4273.5","21.500833"
"2023-07-26T23:40:42.192Z","BUY","TAKER","MARKET","AVAX-USD","13.24","232.7","1.17076"
"2023-07-26T23:40:42.192Z","BUY","TAKER","MARKET","AVAX-USD","13.24","750","3.7734"
"2023-07-26T23:40:42.192Z","BUY","TAKER","MARKET","AVAX-USD","13.24","60","0.301872"
"2023-07-26T23:40:42.192Z","BUY","TAKER","MARKET","AVAX-USD","13.24","82.8","0.416583"
"2023-07-26T23:40:42.192Z","BUY","TAKER","MARKET","AVAX-USD","13.24","254.7","1.281446"
"2023-07-26T23:40:42.192Z","BUY","TAKER","MARKET","AVAX-USD","13.24","226","1.137051"
"2023-07-26T23:40:42.192Z","BUY","TAKER","MARKET","AVAX-USD","13.24","802.1","4.035525"
"2023-07-26T23:40:42.192Z","BUY","TAKER","MARKET","AVAX-USD","13.24","1068.3","5.37483"
"2023-07-26T23:40:42.192Z","BUY","TAKER","MARKET","AVAX-USD","13.24","693.7","3.490143"
"2023-07-26T23:40:42.192Z","BUY","TAKER","MARKET","AVAX-USD","13.24","201.2","1.012277"
"2023-07-26T23:40:42.192Z","BUY","TAKER","MARKET","AVAX-USD","13.23","300","1.50822"
"2023-07-26T23:40:42.192Z","BUY","TAKER","MARKET","AVAX-USD","13.23","776","3.901262"
"2023-07-26T23:40:42.192Z","BUY","TAKER","MARKET","AVAX-USD","13.23","215.3","1.082399"
"2023-07-26T23:40:42.192Z","BUY","TAKER","MARKET","AVAX-USD","13.23","257.6","1.295058"
"2023-07-26T23:40:42.192Z","BUY","TAKER","MARKET","AVAX-USD","13.23","30.2","0.151827"
"2023-07-26T23:40:42.192Z","BUY","TAKER","MARKET","AVAX-USD","13.23","1068.3","5.370771"
"2023-07-26T23:40:42.192Z","BUY","TAKER","MARKET","AVAX-USD","13.23","693.7","3.487507"
"2023-07-26T21:14:50.280Z","SELL","TAKER","MARKET","AVAX-USD","13.39","72.8","0.37042"
"2023-07-26T21:14:50.280Z","SELL","TAKER","MARKET","AVAX-USD","13.39","67","0.340909"
"2023-07-26T21:14:50.280Z","SELL","TAKER","MARKET","AVAX-USD","13.39","1487.5","7.568697"
"2023-07-26T21:14:50.280Z","SELL","TAKER","MARKET","AVAX-USD","13.39","743.7","3.784094"
"2023-07-26T21:14:50.280Z","SELL","TAKER","MARKET","AVAX-USD","13.39","42.4","0.215739"
"2023-07-26T21:14:50.280Z","SELL","TAKER","MARKET","AVAX-USD","13.39","693.7","3.529684"
"2023-07-26T21:14:50.280Z","SELL","TAKER","MARKET","AVAX-USD","13.39","1068.3","5.435724"
"2023-07-26T21:14:50.280Z","SELL","TAKER","MARKET","AVAX-USD","13.39","745.2","3.791726"
"2023-07-26T21:14:50.280Z","SELL","TAKER","MARKET","AVAX-USD","13.39","255.7","1.301052"
"2023-07-26T21:14:50.280Z","SELL","TAKER","MARKET","AVAX-USD","13.39","9.1","0.046302"
"2023-07-26T21:14:50.280Z","SELL","TAKER","MARKET","AVAX-USD","13.4","750","3.819"
"2023-07-26T21:14:50.280Z","SELL","TAKER","MARKET","AVAX-USD","13.4","97.7","0.497488"
"2023-07-26T21:14:50.280Z","SELL","TAKER","MARKET","AVAX-USD","13.4","743.7","3.78692"
"2023-07-26T21:14:50.280Z","SELL","TAKER","MARKET","AVAX-USD","13.4","310","1.57852"
"2023-07-26T21:14:50.280Z","SELL","TAKER","MARKET","AVAX-USD","13.4","310","1.57852"
"2023-07-26T21:14:50.280Z","SELL","TAKER","MARKET","AVAX-USD","13.4","223","1.135516"
"2023-07-26T21:14:50.280Z","SELL","TAKER","MARKET","AVAX-USD","13.4","211.5","1.076958"
"2023-07-26T21:14:50.280Z","SELL","TAKER","MARKET","AVAX-USD","13.4","4273.5","21.760662"
"2023-07-26T21:14:50.280Z","SELL","TAKER","MARKET","AVAX-USD","13.4","82.1","0.418053"
"2023-07-26T21:14:50.280Z","SELL","TAKER","MARKET","AVAX-USD","13.4","693.7","3.53232"
"2023-07-26T21:14:50.280Z","SELL","TAKER","MARKET","AVAX-USD","13.4","275.2","1.401318"
"2023-07-26T21:14:50.280Z","SELL","TAKER","MARKET","AVAX-USD","13.4","1068.3","5.439783"
"2023-07-26T21:14:50.280Z","SELL","TAKER","MARKET","AVAX-USD","13.4","775.9","3.950882"
"2023-07-26T18:47:38.566Z","SELL","TAKER","MARKET","SOL-USD","25.439","296.2","2.863312"
"2023-07-26T18:47:38.566Z","SELL","TAKER","MARKET","SOL-USD","25.441","787","7.608385"
"2023-07-26T18:47:38.566Z","SELL","TAKER","MARKET","SOL-USD","25.441","112.7","1.089536"
"2023-07-26T18:47:38.566Z","SELL","TAKER","MARKET","SOL-USD","25.443","31.3","0.302619"
"2023-07-26T18:47:38.566Z","SELL","TAKER","MARKET","SOL-USD","25.443","77.7","0.75123"
"2023-07-26T18:47:38.566Z","SELL","TAKER","MARKET","SOL-USD","25.443","405.4","3.919545"
"2023-07-26T18:47:38.566Z","SELL","TAKER","MARKET","SOL-USD","25.443","117.6","1.136996"
"2023-07-26T18:47:38.566Z","SELL","TAKER","MARKET","SOL-USD","25.443","70","0.676783"
"2023-07-26T18:47:38.566Z","SELL","TAKER","MARKET","SOL-USD","25.444","114.7","1.109002"
"2023-07-26T18:47:38.566Z","SELL","TAKER","MARKET","SOL-USD","25.444","40","0.386748"
"2023-07-26T18:47:38.566Z","SELL","TAKER","MARKET","SOL-USD","25.445","445","4.302749"
"2023-07-26T18:47:38.566Z","SELL","TAKER","MARKET","SOL-USD","25.456","40.4","0.3908"
"2023-07-26T18:47:38.566Z","SELL","TAKER","MARKET","SOL-USD","25.456","70","0.677129"
"2023-07-26T18:47:38.566Z","SELL","TAKER","MARKET","SOL-USD","25.462","392","3.792819"
"2023-07-26T18:27:29.755Z","SELL","TAKER","MARKET","SOL-USD","24.94","1091.5","10.344363"
"2023-07-26T18:27:29.755Z","SELL","TAKER","MARKET","SOL-USD","24.941","373.4","3.538928"
"2023-07-26T18:27:29.755Z","SELL","TAKER","MARKET","SOL-USD","24.941","445","4.217523"
"2023-07-26T18:27:29.755Z","SELL","TAKER","MARKET","SOL-USD","24.941","70","0.66343"
"2023-07-26T18:27:29.755Z","SELL","TAKER","MARKET","SOL-USD","24.942","20.1","0.190506"
"2023-07-24T21:55:55.733Z","BUY","TAKER","MARKET","MATIC-USD","0.7283","7618","2.108311"
"2023-07-24T21:55:55.733Z","BUY","TAKER","MARKET","MATIC-USD","0.7283","752","0.208119"
"2023-07-24T21:55:55.733Z","BUY","TAKER","MARKET","MATIC-USD","0.7283","20000","5.53508"
"2023-07-24T21:55:55.733Z","BUY","TAKER","MARKET","MATIC-USD","0.7283","20590","5.698364"
"2023-07-24T21:55:55.733Z","BUY","TAKER","MARKET","MATIC-USD","0.7282","6860","1.898271"
"2023-07-24T21:55:55.733Z","BUY","TAKER","MARKET","MATIC-USD","0.7282","17750","4.911709"
"2023-07-24T21:55:55.733Z","BUY","TAKER","MARKET","MATIC-USD","0.7282","2130","0.589405"
"2023-07-24T21:55:55.733Z","BUY","TAKER","MARKET","MATIC-USD","0.7282","1776","0.491447"
"2023-07-24T21:55:55.733Z","BUY","TAKER","MARKET","MATIC-USD","0.7281","20000","5.53356"
"2023-07-24T21:55:55.733Z","BUY","TAKER","MARKET","MATIC-USD","0.7281","6860","1.898011"
"2023-07-24T21:55:55.733Z","BUY","TAKER","MARKET","MATIC-USD","0.7281","7805","2.159471"
"2023-07-24T21:55:55.733Z","BUY","TAKER","MARKET","MATIC-USD","0.728","2750","0.76076"
"2023-07-24T21:55:55.733Z","BUY","TAKER","MARKET","MATIC-USD","0.7279","6860","1.897489"
"2023-07-24T21:55:55.733Z","BUY","TAKER","MARKET","MATIC-USD","0.7279","6610","1.828339"
"2023-07-24T21:55:55.733Z","BUY","TAKER","MARKET","MATIC-USD","0.7279","17750","4.909685"
"2023-07-24T21:55:55.733Z","BUY","TAKER","MARKET","MATIC-USD","0.7279","1520","0.420435"
"2023-07-24T21:55:55.733Z","BUY","TAKER","MARKET","MATIC-USD","0.7279","1043","0.288495"
"2023-07-24T21:55:55.733Z","BUY","TAKER","MARKET","MATIC-USD","0.7278","8971","2.481055"
"2023-07-24T21:55:55.733Z","BUY","TAKER","MARKET","MATIC-USD","0.7278","1436","0.397145"
"2023-07-24T21:55:55.733Z","BUY","TAKER","MARKET","MATIC-USD","0.7278","6870","1.899994"
"2023-07-24T21:55:55.733Z","BUY","TAKER","MARKET","MATIC-USD","0.7277","9958","2.753645"
"2023-07-24T21:55:55.733Z","BUY","TAKER","MARKET","MATIC-USD","0.7277","1370","0.37884"
"2023-07-24T21:55:55.733Z","BUY","TAKER","MARKET","MATIC-USD","0.7277","17750","4.908336"
"2023-07-24T21:55:55.733Z","BUY","TAKER","MARKET","MATIC-USD","0.7277","277","0.076597"
"2023-07-24T21:55:55.733Z","BUY","TAKER","MARKET","MATIC-USD","0.7276","4694","1.297834"
"2023-07-24T19:10:06.914Z","BUY","TAKER","MARKET","AVAX-USD","13.1","1184.3","5.895445"
"2023-07-24T19:10:06.914Z","BUY","TAKER","MARKET","AVAX-USD","13.1","2371","11.802838"
"2023-07-24T19:10:06.914Z","BUY","TAKER","MARKET","AVAX-USD","13.1","84","0.418152"
"2023-07-24T19:10:06.914Z","BUY","TAKER","MARKET","AVAX-USD","13.1","764.2","3.804187"
"2023-07-24T19:10:06.914Z","BUY","TAKER","MARKET","AVAX-USD","13.1","2294","11.419532"
"2023-07-24T19:10:06.914Z","BUY","TAKER","MARKET","AVAX-USD","13.1","196.8","0.97967"
"2023-07-24T19:10:06.914Z","BUY","TAKER","MARKET","AVAX-USD","13.1","113.1","0.563011"
"2023-07-24T19:10:06.914Z","BUY","TAKER","MARKET","AVAX-USD","13.1","67","0.333526"
"2023-07-24T19:10:06.914Z","BUY","TAKER","MARKET","AVAX-USD","13.1","143.3","0.713347"
"2023-07-24T19:10:06.914Z","BUY","TAKER","MARKET","AVAX-USD","13.1","381","1.896618"
"2023-07-24T19:10:06.914Z","BUY","TAKER","MARKET","AVAX-USD","13.1","358","1.782124"
"2023-07-24T19:10:06.914Z","BUY","TAKER","MARKET","AVAX-USD","13.1","60","0.29868"
"2023-07-24T19:10:06.914Z","BUY","TAKER","MARKET","AVAX-USD","13.1","472.9","2.354096"
"2023-07-24T19:10:06.914Z","BUY","TAKER","MARKET","AVAX-USD","13.1","280","1.39384"
"2023-07-24T19:10:06.914Z","BUY","TAKER","MARKET","AVAX-USD","13.1","263.2","1.310209"
"2023-07-24T19:10:06.914Z","BUY","TAKER","MARKET","AVAX-USD","13.1","1068.3","5.317997"
"2023-07-24T19:10:06.914Z","BUY","TAKER","MARKET","AVAX-USD","13.1","693.7","3.453238"
"2023-07-24T19:10:06.914Z","BUY","TAKER","MARKET","AVAX-USD","13.09","177.7","0.883915"
"2023-07-24T19:10:06.914Z","BUY","TAKER","MARKET","AVAX-USD","13.09","76.2","0.379034"
"2023-07-24T19:10:06.914Z","BUY","TAKER","MARKET","AVAX-USD","13.09","539.5","2.68358"
"2023-07-24T19:10:06.914Z","BUY","TAKER","MARKET","AVAX-USD","13.09","269.1","1.338557"
"2023-07-24T19:10:06.914Z","BUY","TAKER","MARKET","AVAX-USD","13.09","750","3.73065"
"2023-07-24T19:10:06.914Z","BUY","TAKER","MARKET","AVAX-USD","13.09","7.4","0.036809"
"2023-07-24T19:10:06.914Z","BUY","TAKER","MARKET","AVAX-USD","13.09","1068.3","5.313937"
"2023-07-24T19:10:06.914Z","BUY","TAKER","MARKET","AVAX-USD","13.09","693.7","3.450602"
"2023-07-24T19:10:06.914Z","BUY","TAKER","MARKET","AVAX-USD","13.09","7.9","0.039296"
"2023-07-24T19:10:06.914Z","BUY","TAKER","MARKET","AVAX-USD","13.09","152.8","0.760057"
"2023-07-24T19:10:06.914Z","BUY","TAKER","MARKET","AVAX-USD","13.09","50","0.24871"
"2023-07-24T19:10:06.914Z","BUY","TAKER","MARKET","AVAX-USD","13.09","382","1.900144"
"2023-07-24T19:10:06.914Z","BUY","TAKER","MARKET","AVAX-USD","13.09","30.6","0.15221"
"2023-07-24T19:09:32.830Z","BUY","TAKER","MARKET","AVAX-USD","13.09","1889","9.396263"
"2023-07-24T19:09:32.830Z","BUY","TAKER","MARKET","AVAX-USD","13.09","60","0.298452"
"2023-07-24T19:09:32.830Z","BUY","TAKER","MARKET","AVAX-USD","13.09","1528.4","7.602567"
"2023-07-24T19:09:32.830Z","BUY","TAKER","MARKET","AVAX-USD","13.09","84","0.417832"
"2023-07-24T19:09:32.830Z","BUY","TAKER","MARKET","AVAX-USD","13.09","381","1.89517"
"2023-07-24T19:09:32.830Z","BUY","TAKER","MARKET","AVAX-USD","13.09","217.3","1.080893"
"2023-07-24T19:09:32.830Z","BUY","TAKER","MARKET","AVAX-USD","13.09","255.4","1.27041"
"2023-07-24T19:09:32.830Z","BUY","TAKER","MARKET","AVAX-USD","13.09","805.7","4.007712"
"2023-07-24T19:09:32.830Z","BUY","TAKER","MARKET","AVAX-USD","13.09","693.7","3.450602"
"2023-07-24T19:09:32.830Z","BUY","TAKER","MARKET","AVAX-USD","13.09","1068.3","5.313937"
"2023-07-24T19:09:32.830Z","BUY","TAKER","MARKET","AVAX-USD","13.08","1068.3","5.309878"
"2023-07-24T19:09:32.830Z","BUY","TAKER","MARKET","AVAX-USD","13.08","769.4","3.824225"
"2023-07-24T19:09:32.830Z","BUY","TAKER","MARKET","AVAX-USD","13.08","693.7","3.447966"
"2023-07-24T19:09:32.830Z","BUY","TAKER","MARKET","AVAX-USD","13.08","266.6","1.325108"
"2023-07-24T19:09:32.830Z","BUY","TAKER","MARKET","AVAX-USD","13.08","219.2","1.089511"
"2023-07-24T19:03:30.304Z","SELL","TAKER","MARKET","AVAX-USD","13.07","1421.7","7.061015"
"2023-07-24T19:03:30.304Z","SELL","TAKER","MARKET","AVAX-USD","13.07","8.4","0.041719"
"2023-07-24T19:03:30.304Z","SELL","TAKER","MARKET","AVAX-USD","13.07","790.1","3.92411"
"2023-07-24T19:03:30.304Z","SELL","TAKER","MARKET","AVAX-USD","13.07","114","0.566192"
"2023-07-24T19:03:30.304Z","SELL","TAKER","MARKET","AVAX-USD","13.07","226.9","1.126921"
"2023-07-24T19:03:30.304Z","SELL","TAKER","MARKET","AVAX-USD","13.07","358","1.778042"
"2023-07-24T19:03:30.304Z","SELL","TAKER","MARKET","AVAX-USD","13.07","750","3.72495"
"2023-07-24T19:03:30.304Z","SELL","TAKER","MARKET","AVAX-USD","13.07","1068.3","5.305818"
"2023-07-24T19:03:30.304Z","SELL","TAKER","MARKET","AVAX-USD","13.07","693.7","3.44533"
"2023-07-24T19:03:30.304Z","SELL","TAKER","MARKET","AVAX-USD","13.07","770.7","3.827758"
"2023-07-24T19:03:30.304Z","SELL","TAKER","MARKET","AVAX-USD","13.07","275.2","1.366808"
"2023-07-24T19:03:30.304Z","SELL","TAKER","MARKET","AVAX-USD","13.08","30.6","0.152094"
"2023-07-24T19:03:30.304Z","SELL","TAKER","MARKET","AVAX-USD","13.08","84.1","0.41801"
"2023-07-24T19:03:30.304Z","SELL","TAKER","MARKET","AVAX-USD","13.08","381","1.893722"
"2023-07-24T19:03:30.304Z","SELL","TAKER","MARKET","AVAX-USD","13.08","60","0.298224"
"2023-07-24T19:03:30.304Z","SELL","TAKER","MARKET","AVAX-USD","13.08","1068.3","5.309878"
"2023-07-24T19:03:30.304Z","SELL","TAKER","MARKET","AVAX-USD","13.08","789.7","3.925124"
"2023-07-24T19:03:30.304Z","SELL","TAKER","MARKET","AVAX-USD","13.08","258.8","1.286339"
"2023-07-24T19:03:30.304Z","SELL","TAKER","MARKET","AVAX-USD","13.08","206.8","1.027878"
"2023-07-24T19:03:30.304Z","SELL","TAKER","MARKET","AVAX-USD","13.08","643.7","3.199446"
"2023-07-23T22:47:12.509Z","SELL","TAKER","MARKET","MATIC-USD","0.7556","1378","0.395662"
"2023-07-23T22:47:12.509Z","SELL","TAKER","MARKET","MATIC-USD","0.7557","1320","0.379059"
"2023-07-23T22:47:12.509Z","SELL","TAKER","MARKET","MATIC-USD","0.7557","17750","5.097196"
"2023-07-23T22:47:12.509Z","SELL","TAKER","MARKET","MATIC-USD","0.7557","1880","0.539872"
"2023-07-23T22:47:12.509Z","SELL","TAKER","MARKET","MATIC-USD","0.7557","5678","1.630528"
"2023-07-23T22:47:12.509Z","SELL","TAKER","MARKET","MATIC-USD","0.7558","4724","1.356751"
"2023-07-23T22:47:12.509Z","SELL","TAKER","MARKET","MATIC-USD","0.7559","2100","0.603208"
"2023-07-23T22:47:12.509Z","SELL","TAKER","MARKET","MATIC-USD","0.7559","9143","2.626253"
"2023-07-23T22:47:12.509Z","SELL","TAKER","MARKET","MATIC-USD","0.756","2100","0.603288"
"2023-07-23T22:47:12.509Z","SELL","TAKER","MARKET","MATIC-USD","0.756","3927","1.128148"
"2023-07-23T16:37:13.003Z","SELL","TAKER","MARKET","MATIC-USD","0.7543","3352","0.960797"
"2023-07-23T16:37:13.003Z","SELL","TAKER","MARKET","MATIC-USD","0.7543","2100","0.601931"
"2023-07-23T16:37:13.003Z","SELL","TAKER","MARKET","MATIC-USD","0.7545","4698","1.346963"
"2023-07-23T16:37:13.003Z","SELL","TAKER","MARKET","MATIC-USD","0.7545","2100","0.602091"
"2023-07-23T16:37:13.003Z","SELL","TAKER","MARKET","MATIC-USD","0.7545","17750","5.089102"
"2023-07-23T13:56:34.595Z","SELL","TAKER","MARKET","MATIC-USD","0.7488","1304","0.371045"
"2023-07-23T13:56:34.595Z","SELL","TAKER","MARKET","MATIC-USD","0.7488","17750","5.050656"
"2023-07-23T13:56:34.595Z","SELL","TAKER","MARKET","MATIC-USD","0.7488","2100","0.597542"
"2023-07-23T13:56:34.595Z","SELL","TAKER","MARKET","MATIC-USD","0.7489","9256","2.63409"
"2023-07-23T13:56:34.595Z","SELL","TAKER","MARKET","MATIC-USD","0.7489","2100","0.597622"
"2023-07-23T13:56:34.595Z","SELL","TAKER","MARKET","MATIC-USD","0.749","2100","0.597702"
"2023-07-23T13:56:34.595Z","SELL","TAKER","MARKET","MATIC-USD","0.749","9060","2.578657"
"2023-07-23T13:56:34.595Z","SELL","TAKER","MARKET","MATIC-USD","0.749","1330","0.378544"
"2023-07-23T13:56:34.595Z","SELL","TAKER","MARKET","MATIC-USD","0.7491","2100","0.597781"
"2023-07-23T13:56:34.595Z","SELL","TAKER","MARKET","MATIC-USD","0.7491","4695","1.336469"
"2023-07-23T13:56:34.595Z","SELL","TAKER","MARKET","MATIC-USD","0.7491","2100","0.597781"
"2023-07-23T13:56:34.595Z","SELL","TAKER","MARKET","MATIC-USD","0.7492","4005","1.140207"
"2023-07-23T13:56:34.595Z","SELL","TAKER","MARKET","MATIC-USD","0.7492","2100","0.597861"
"2023-07-22T14:32:53.830Z","SELL","TAKER","MARKET","MATIC-USD","0.7636","7653","2.220655"
"2023-07-22T14:32:53.830Z","SELL","TAKER","MARKET","MATIC-USD","0.7636","1300","0.377218"
"2023-07-22T14:32:53.830Z","SELL","TAKER","MARKET","MATIC-USD","0.7636","946","0.274498"
"2023-07-22T14:32:53.830Z","SELL","TAKER","MARKET","MATIC-USD","0.7636","2150","0.623861"
"2023-07-22T14:32:53.830Z","SELL","TAKER","MARKET","MATIC-USD","0.7636","2150","0.623861"
"2023-07-22T14:32:53.830Z","SELL","TAKER","MARKET","MATIC-USD","0.7637","9138","2.651902"
"2023-07-22T14:32:53.830Z","SELL","TAKER","MARKET","MATIC-USD","0.7637","4513","1.309699"
"2023-07-22T14:32:53.830Z","SELL","TAKER","MARKET","MATIC-USD","0.7637","2150","0.623942"
"2023-07-21T20:08:30.348Z","SELL","TAKER","MARKET","SOL-USD","25.675","341.3","3.329893"
"2023-07-21T20:08:30.348Z","SELL","TAKER","MARKET","SOL-USD","25.675","445","4.341642"
"2023-07-21T20:08:30.348Z","SELL","TAKER","MARKET","SOL-USD","25.676","213.7","2.085045"
"2023-07-21T19:14:36.955Z","BUY","TAKER","MARKET","SOL-USD","25.528","31.6","0.30654"
"2023-07-21T19:14:36.955Z","BUY","TAKER","MARKET","SOL-USD","25.523","133","1.289932"
"2023-07-21T19:14:36.955Z","BUY","TAKER","MARKET","SOL-USD","25.523","113.1","1.096927"
"2023-07-21T19:14:36.955Z","BUY","TAKER","MARKET","SOL-USD","25.523","222.3","2.156029"
"2023-07-21T19:14:36.955Z","BUY","TAKER","MARKET","SOL-USD","25.52","500","4.8488"
"2023-07-21T19:02:06.367Z","SELL","TAKER","MARKET","SOL-USD","25.839","23.4","0.2872"
"2023-07-21T19:02:06.367Z","SELL","TAKER","MARKET","SOL-USD","25.842","65","0.797871"
"2023-07-21T19:02:06.367Z","SELL","TAKER","MARKET","SOL-USD","25.843","77.3","0.94889"
"2023-07-21T19:02:06.367Z","SELL","TAKER","MARKET","SOL-USD","25.843","772.8","9.486448"
"2023-07-21T19:02:06.367Z","SELL","TAKER","MARKET","SOL-USD","25.843","46.3","0.568352"
"2023-07-21T19:02:06.367Z","SELL","TAKER","MARKET","SOL-USD","25.845","194","2.381616"
"2023-07-21T19:02:06.367Z","SELL","TAKER","MARKET","SOL-USD","25.845","42.5","0.521745"
"2023-07-21T19:02:06.367Z","SELL","TAKER","MARKET","SOL-USD","25.847","65","0.798026"
"2023-07-21T19:02:06.367Z","SELL","TAKER","MARKET","SOL-USD","25.85","5338.2","65.546423"
"2023-07-21T19:02:06.367Z","SELL","TAKER","MARKET","SOL-USD","25.85","41.3","0.507112"
"2023-07-21T19:02:06.367Z","SELL","TAKER","MARKET","SOL-USD","25.85","65","0.798118"
"2023-07-21T19:02:06.367Z","SELL","TAKER","MARKET","SOL-USD","25.852","82.1","1.008163"
"2023-07-21T19:02:06.367Z","SELL","TAKER","MARKET","SOL-USD","25.852","96","1.178851"
"2023-07-21T19:02:06.367Z","SELL","TAKER","MARKET","SOL-USD","25.854","445","5.464889"
"2023-07-21T19:02:06.367Z","SELL","TAKER","MARKET","SOL-USD","25.854","500","6.140325"
"2023-07-21T19:02:06.367Z","SELL","TAKER","MARKET","SOL-USD","25.854","65","0.798242"
"2023-07-21T19:02:06.367Z","SELL","TAKER","MARKET","SOL-USD","25.855","40","0.491245"
"2023-07-21T19:02:06.367Z","SELL","TAKER","MARKET","SOL-USD","25.856","2","0.024563"
"2023-07-21T19:02:06.367Z","SELL","TAKER","MARKET","SOL-USD","25.858","122.3","1.502155"
"2023-07-21T19:02:06.367Z","SELL","TAKER","MARKET","SOL-USD","25.858","65","0.798365"
"2023-07-21T19:02:06.367Z","SELL","TAKER","MARKET","SOL-USD","25.859","386.4","4.74616"
"2023-07-21T19:02:06.367Z","SELL","TAKER","MARKET","SOL-USD","25.859","43.5","0.534311"
"2023-07-21T19:02:06.367Z","SELL","TAKER","MARKET","SOL-USD","25.86","500","6.14175"
"2023-07-21T19:02:06.367Z","SELL","TAKER","MARKET","SOL-USD","25.86","130","1.596855"
"2023-07-21T19:02:06.367Z","SELL","TAKER","MARKET","SOL-USD","25.861","65","0.798458"
"2023-07-21T19:02:06.367Z","SELL","TAKER","MARKET","SOL-USD","25.862","96.3","1.182992"
"2023-07-21T19:02:06.367Z","SELL","TAKER","MARKET","SOL-USD","25.862","112.5","1.382"
"2023-07-21T19:02:06.367Z","SELL","TAKER","MARKET","SOL-USD","25.863","47.5","0.583533"
"2023-07-21T19:02:06.367Z","SELL","TAKER","MARKET","SOL-USD","25.866","6.2","0.076175"
"2023-07-21T19:02:06.367Z","SELL","TAKER","MARKET","SOL-USD","25.87","445","5.468271"
"2023-07-21T19:02:06.367Z","SELL","TAKER","MARKET","SOL-USD","25.871","19.4","0.238401"
"2023-07-20T20:18:31.900Z","BUY","TAKER","MARKET","SOL-USD","25.312","90.4","1.086897"
"2023-07-20T20:18:31.900Z","BUY","TAKER","MARKET","SOL-USD","25.308","70","0.841491"
"2023-07-20T20:18:31.900Z","BUY","TAKER","MARKET","SOL-USD","25.307","500","6.010412"
"2023-07-20T20:18:31.900Z","BUY","TAKER","MARKET","SOL-USD","25.305","70","0.841391"
"2023-07-20T20:18:31.900Z","BUY","TAKER","MARKET","SOL-USD","25.304","790.9","9.506143"
"2023-07-20T20:18:31.900Z","BUY","TAKER","MARKET","SOL-USD","25.301","445","5.347998"
"2023-07-20T20:18:31.900Z","BUY","TAKER","MARKET","SOL-USD","25.3","395.4","4.751719"
"2023-07-20T20:18:31.900Z","BUY","TAKER","MARKET","SOL-USD","25.3","70","0.841225"
"2023-07-20T20:18:31.900Z","BUY","TAKER","MARKET","SOL-USD","25.298","38.4","0.461435"
"2023-07-20T20:18:31.900Z","BUY","TAKER","MARKET","SOL-USD","25.298","373.4","4.486979"
"2023-07-20T20:18:31.900Z","BUY","TAKER","MARKET","SOL-USD","25.298","233.7","2.808267"
"2023-07-20T20:18:31.900Z","BUY","TAKER","MARKET","SOL-USD","25.298","43.5","0.522719"
"2023-07-20T20:18:31.900Z","BUY","TAKER","MARKET","SOL-USD","25.297","70","0.841125"
"2023-07-20T20:18:31.900Z","BUY","TAKER","MARKET","SOL-USD","25.295","81.3","0.976829"
"2023-07-20T20:18:31.900Z","BUY","TAKER","MARKET","SOL-USD","25.294","43.5","0.522637"
"2023-07-20T20:18:31.900Z","BUY","TAKER","MARKET","SOL-USD","25.294","70","0.841025"
"2023-07-20T20:18:31.900Z","BUY","TAKER","MARKET","SOL-USD","25.292","395.4","4.750216"
"2023-07-20T20:18:31.900Z","BUY","TAKER","MARKET","SOL-USD","25.291","70","0.840925"
"2023-07-20T20:18:31.900Z","BUY","TAKER","MARKET","SOL-USD","25.29","2","0.024025"
"2023-07-20T20:18:31.900Z","BUY","TAKER","MARKET","SOL-USD","25.288","445","5.345251"
"2023-07-20T20:18:31.900Z","BUY","TAKER","MARKET","SOL-USD","25.287","70","0.840792"
"2023-07-20T20:18:31.900Z","BUY","TAKER","MARKET","SOL-USD","25.286","98.9","1.187873"
"2023-07-20T20:18:31.900Z","BUY","TAKER","MARKET","SOL-USD","25.283","373.4","4.484319"
"2023-07-20T20:18:31.900Z","BUY","TAKER","MARKET","SOL-USD","25.283","70","0.840659"
"2023-07-20T20:18:31.900Z","BUY","TAKER","MARKET","SOL-USD","25.279","70","0.840526"
"2023-07-20T20:18:31.900Z","BUY","TAKER","MARKET","SOL-USD","25.279","19.8","0.237748"
"2023-07-20T18:09:20.859Z","BUY","TAKER","MARKET","SOL-USD","25.546","924.3","11.215779"
"2023-07-20T18:09:20.859Z","BUY","TAKER","MARKET","SOL-USD","25.546","391.9","4.755451"
"2023-07-20T18:09:20.859Z","BUY","TAKER","MARKET","SOL-USD","25.545","373.4","4.530788"
"2023-07-20T18:09:20.859Z","BUY","TAKER","MARKET","SOL-USD","25.545","233.6","2.834473"
"2023-07-20T18:09:20.859Z","BUY","TAKER","MARKET","SOL-USD","25.545","41.2","0.499915"
"2023-07-20T18:09:20.859Z","BUY","TAKER","MARKET","SOL-USD","25.544","40","0.485336"
"2023-07-20T18:09:20.859Z","BUY","TAKER","MARKET","SOL-USD","25.544","36.1","0.438015"
"2023-07-20T18:09:20.859Z","BUY","TAKER","MARKET","SOL-USD","25.543","70","0.849304"
"2023-07-20T18:09:20.859Z","BUY","TAKER","MARKET","SOL-USD","25.541","194","2.353603"
"2023-07-20T18:09:20.859Z","BUY","TAKER","MARKET","SOL-USD","25.54","2","0.024263"
"2023-07-20T18:09:20.859Z","BUY","TAKER","MARKET","SOL-USD","25.54","70","0.849205"
"2023-07-20T18:09:20.859Z","BUY","TAKER","MARKET","SOL-USD","25.538","103.9","1.260364"
"2023-07-20T18:09:20.859Z","BUY","TAKER","MARKET","SOL-USD","25.537","98","1.188747"
"2023-07-20T18:09:20.859Z","BUY","TAKER","MARKET","SOL-USD","25.537","38.1","0.462155"
"2023-07-20T18:09:20.859Z","BUY","TAKER","MARKET","SOL-USD","25.537","231","2.802047"
"2023-07-20T18:09:20.859Z","BUY","TAKER","MARKET","SOL-USD","25.537","96.9","1.175404"
"2023-07-20T18:09:20.859Z","BUY","TAKER","MARKET","SOL-USD","25.536","107.4","1.302719"
"2023-07-20T18:09:20.859Z","BUY","TAKER","MARKET","SOL-USD","25.535","50","0.606456"
"2023-07-20T18:09:20.859Z","BUY","TAKER","MARKET","SOL-USD","25.535","70","0.849038"
"2023-07-20T18:09:20.859Z","BUY","TAKER","MARKET","SOL-USD","25.534","391","4.742302"
"2023-07-20T18:09:20.859Z","BUY","TAKER","MARKET","SOL-USD","25.534","445","5.397249"
"2023-07-20T18:09:20.859Z","BUY","TAKER","MARKET","SOL-USD","25.533","127.5","1.546342"
"2023-07-20T18:09:20.859Z","BUY","TAKER","MARKET","SOL-USD","25.532","107.7","1.306153"
"2023-07-20T18:09:20.859Z","BUY","TAKER","MARKET","SOL-USD","25.531","373.4","4.528305"
"2023-07-20T18:09:20.859Z","BUY","TAKER","MARKET","SOL-USD","25.53","11","0.133394"
"2023-07-20T18:09:20.859Z","BUY","TAKER","MARKET","SOL-USD","25.529","58","0.703323"
"2023-07-20T18:09:20.859Z","BUY","TAKER","MARKET","SOL-USD","25.529","19.6","0.237674"
"2023-07-20T18:09:20.859Z","BUY","TAKER","MARKET","SOL-USD","25.528","70","0.848806"
"2023-07-20T18:09:20.859Z","BUY","TAKER","MARKET","SOL-USD","25.527","70","0.848772"
"2023-07-20T18:09:20.859Z","BUY","TAKER","MARKET","SOL-USD","25.527","97","1.176156"
"2023-07-20T18:09:20.859Z","BUY","TAKER","MARKET","SOL-USD","25.527","58","0.703268"
"2023-07-19T14:18:01.672Z","SELL","TAKER","MARKET","MATIC-USD","0.7337","9140","3.185358"
"2023-07-19T14:18:01.672Z","SELL","TAKER","MARKET","MATIC-USD","0.7338","2250","0.784248"
"2023-07-19T14:18:01.672Z","SELL","TAKER","MARKET","MATIC-USD","0.7338","1360","0.474034"
"2023-07-19T14:18:01.672Z","SELL","TAKER","MARKET","MATIC-USD","0.7339","2250","0.784355"
"2023-07-18T21:52:27.697Z","SELL","TAKER","MARKET","MATIC-USD","0.7346","2923","1.019937"
"2023-07-18T21:52:27.697Z","SELL","TAKER","MARKET","MATIC-USD","0.7347","987","0.344445"
"2023-07-18T21:52:27.697Z","SELL","TAKER","MARKET","MATIC-USD","0.7347","9730","3.395599"
"2023-07-18T21:52:27.697Z","SELL","TAKER","MARKET","MATIC-USD","0.7347","1360","0.474616"
"2023-07-14T23:17:25.119Z","BUY","TAKER","MARKET","BTC-USD","30290","0.3927","5.650069"
"2023-07-14T23:17:25.119Z","BUY","TAKER","MARKET","BTC-USD","30290","0.0799","1.149581"
"2023-07-14T23:17:25.119Z","BUY","TAKER","MARKET","BTC-USD","30289","0.0298","0.42874"
"2023-07-14T23:17:25.119Z","BUY","TAKER","MARKET","BTC-USD","30289","0.1499","2.156652"
"2023-07-14T23:17:25.119Z","BUY","TAKER","MARKET","BTC-USD","30289","0.002","0.028774"
"2023-07-14T23:17:25.119Z","BUY","TAKER","MARKET","BTC-USD","30288","0.99","14.242932"
"2023-07-14T23:17:25.119Z","BUY","TAKER","MARKET","BTC-USD","30287","0.1238","1.781027"
"2023-07-14T23:17:25.119Z","BUY","TAKER","MARKET","BTC-USD","30287","0.991","14.256848"
"2023-07-14T23:17:25.119Z","BUY","TAKER","MARKET","BTC-USD","30287","0.3737","5.376169"
"2023-07-14T23:17:25.119Z","BUY","TAKER","MARKET","BTC-USD","30287","0.0033","0.047474"
"2023-07-14T23:17:25.119Z","BUY","TAKER","MARKET","BTC-USD","30287","0.3196","4.597869"
"2023-07-14T23:17:25.119Z","BUY","TAKER","MARKET","BTC-USD","30287","0.5443","7.830476"
"2023-07-14T18:33:40.315Z","BUY","TAKER","MARKET","BTC-USD","30221","1","14.354975"
"2023-07-14T18:32:55.263Z","BUY","TAKER","MARKET","AVAX-USD","14.39","198.4","1.356113"
"2023-07-14T18:32:55.263Z","BUY","TAKER","MARKET","AVAX-USD","14.38","113.1","0.772529"
"2023-07-14T18:32:55.263Z","BUY","TAKER","MARKET","AVAX-USD","14.38","190.9","1.303942"
"2023-07-14T18:32:55.263Z","BUY","TAKER","MARKET","AVAX-USD","14.37","396.1","2.703679"
"2023-07-14T18:32:55.263Z","BUY","TAKER","MARKET","AVAX-USD","14.37","295","2.013596"
"2023-07-14T18:32:55.263Z","BUY","TAKER","MARKET","AVAX-USD","14.37","295","2.013596"
"2023-07-14T18:32:55.263Z","BUY","TAKER","MARKET","AVAX-USD","14.37","11.5","0.078496"
"2023-07-14T18:32:46.197Z","BUY","TAKER","MARKET","MATIC-USD","0.7893","4583","1.718246"
"2023-07-14T18:32:46.197Z","BUY","TAKER","MARKET","MATIC-USD","0.7891","5830","2.185215"
"2023-07-14T18:32:46.197Z","BUY","TAKER","MARKET","MATIC-USD","0.7891","2539","0.951674"
"2023-07-14T18:32:46.197Z","BUY","TAKER","MARKET","MATIC-USD","0.789","2250","0.843243"
"2023-07-14T18:32:46.197Z","BUY","TAKER","MARKET","MATIC-USD","0.7889","9586","3.592137"
"2023-07-14T18:32:46.197Z","BUY","TAKER","MARKET","MATIC-USD","0.7889","2250","0.843136"
"2023-07-14T18:32:46.197Z","BUY","TAKER","MARKET","MATIC-USD","0.7889","712","0.266805"
"2023-07-14T18:32:46.197Z","BUY","TAKER","MARKET","MATIC-USD","0.7888","2250","0.84303"
"2023-07-14T18:00:57.807Z","BUY","TAKER","MARKET","BTC-USD","30646","0.8156","11.872566"
"2023-07-14T18:00:57.807Z","BUY","TAKER","MARKET","BTC-USD","30645","0.08","1.16451"
"2023-07-14T18:00:57.807Z","BUY","TAKER","MARKET","BTC-USD","30645","0.1034","1.505129"
"2023-07-14T18:00:57.807Z","BUY","TAKER","MARKET","BTC-USD","30645","0.001","0.014556"
"2023-07-14T17:45:08.446Z","BUY","TAKER","MARKET","BTC-USD","30882","0.9461","13.878293"
"2023-07-14T17:45:08.446Z","BUY","TAKER","MARKET","BTC-USD","30882","0.034","0.498744"
"2023-07-14T17:45:08.446Z","BUY","TAKER","MARKET","BTC-USD","30882","0.01","0.146689"
"2023-07-14T17:45:08.446Z","BUY","TAKER","MARKET","BTC-USD","30882","0.0099","0.145222"
"2023-07-14T17:20:26.680Z","BUY","TAKER","MARKET","BTC-USD","30924","0.5914","8.687015"
"2023-07-14T17:20:26.680Z","BUY","TAKER","MARKET","BTC-USD","30920","0.0045","0.066091"
"2023-07-14T17:20:26.680Z","BUY","TAKER","MARKET","BTC-USD","30920","0.001","0.014687"
"2023-07-14T17:20:26.680Z","BUY","TAKER","MARKET","BTC-USD","30920","0.001","0.014687"
"2023-07-14T17:20:26.680Z","BUY","TAKER","MARKET","BTC-USD","30920","0.0011","0.016155"
"2023-07-14T17:20:26.680Z","BUY","TAKER","MARKET","BTC-USD","30920","0.001","0.014687"
"2023-07-14T17:20:26.680Z","BUY","TAKER","MARKET","BTC-USD","30920","0.4","5.8748"
"2023-07-14T16:01:56.017Z","BUY","TAKER","MARKET","BTC-USD","31265","0.0171","0.253949"
"2023-07-14T16:01:56.017Z","BUY","TAKER","MARKET","BTC-USD","31265","0.3233","4.801287"
"2023-07-14T16:01:56.017Z","BUY","TAKER","MARKET","BTC-USD","31265","0.6596","9.795637"
"2023-07-14T15:41:43.000Z","SELL","TAKER","MARKET","MATIC-USD","0.8467","4917","1.977531"
"2023-07-14T15:41:43.000Z","SELL","TAKER","MARKET","MATIC-USD","0.8467","5900","2.372876"
"2023-07-14T15:41:43.000Z","SELL","TAKER","MARKET","MATIC-USD","0.8469","1180","0.474687"
"2023-07-14T15:41:43.000Z","SELL","TAKER","MARKET","MATIC-USD","0.8469","3003","1.208039"
"2023-07-14T15:40:51.723Z","SELL","TAKER","MARKET","AVAX-USD","15.56","116.9","0.864007"
"2023-07-14T15:40:51.723Z","SELL","TAKER","MARKET","AVAX-USD","15.56","633.1","4.679242"
"2023-07-14T15:14:19.005Z","BUY","TAKER","MARKET","BTC-USD","31311","0.6469","9.621165"
"2023-07-14T15:14:19.005Z","BUY","TAKER","MARKET","BTC-USD","31311","0.3194","4.750348"
"2023-07-14T15:14:19.005Z","BUY","TAKER","MARKET","BTC-USD","31311","0.0337","0.50121"
"2023-07-14T13:38:32.621Z","SELL","TAKER","MARKET","BTC-USD","31081","0.4364","6.44278"
"2023-07-14T13:38:32.621Z","SELL","TAKER","MARKET","BTC-USD","31081","0.0032","0.047243"
"2023-07-14T13:38:32.621Z","SELL","TAKER","MARKET","BTC-USD","31081","0.4954","7.313825"
"2023-07-14T13:38:32.621Z","SELL","TAKER","MARKET","BTC-USD","31082","0.9825","14.50558"
"2023-07-14T13:38:32.621Z","SELL","TAKER","MARKET","BTC-USD","31082","0.0825","1.218025"
"2023-07-13T21:10:02.691Z","BUY","TAKER","MARKET","BTC-USD","31098","1","14.77155"
"2023-07-13T20:13:04.270Z","SELL","TAKER","MARKET","AVAX-USD","14.01","375","2.495531"
"2023-07-13T20:13:04.270Z","SELL","TAKER","MARKET","AVAX-USD","14.01","315","2.096246"
"2023-07-13T20:13:04.270Z","SELL","TAKER","MARKET","AVAX-USD","14.02","60","0.39957"
"2023-07-13T15:48:38.185Z","SELL","TAKER","MARKET","MATIC-USD","0.7985","2088","0.791952"
"2023-07-13T15:48:38.185Z","SELL","TAKER","MARKET","MATIC-USD","0.7988","2231","0.846508"
"2023-07-13T15:48:38.185Z","SELL","TAKER","MARKET","MATIC-USD","0.7988","2450","0.929603"
"2023-07-13T15:48:38.185Z","SELL","TAKER","MARKET","MATIC-USD","0.7989","2231","0.846614"
"2023-07-13T15:48:38.185Z","SELL","TAKER","MARKET","MATIC-USD","0.8005","6000","2.281425"
"2023-07-13T15:32:38.703Z","BUY","TAKER","MARKET","BTC-USD","30915","1","14.684625"